{"frames":{"guanzhu_bg_png":{"x":0,"y":0,"w":609,"h":900,"offX":0,"offY":0,"sourceW":609,"sourceH":900},"gift_bg_png":{"x":611,"y":0,"w":600,"h":800,"offX":0,"offY":0,"sourceW":600,"sourceH":800},"dingzhi_btn_png":{"x":1213,"y":0,"w":496,"h":103,"offX":0,"offY":0,"sourceW":496,"sourceH":103},"tijiao_btn_png":{"x":1213,"y":105,"w":446,"h":102,"offX":0,"offY":0,"sourceW":446,"sourceH":102},"icon_yes_png":{"x":1711,"y":0,"w":288,"h":100,"offX":0,"offY":0,"sourceW":288,"sourceH":100}},"file":"moreInfo-0sheet_32ff455c.png"}