{"frames":{"光芒背景1_png":{"x":0,"y":0,"w":720,"h":1155,"offX":0,"offY":0,"sourceW":720,"sourceH":1155},"top_png":{"x":722,"y":0,"w":720,"h":263,"offX":0,"offY":0,"sourceW":720,"sourceH":263},"chuanglian_png":{"x":722,"y":265,"w":720,"h":263,"offX":0,"offY":0,"sourceW":720,"sourceH":263},"灯笼右边_png":{"x":1444,"y":0,"w":234,"h":231,"offX":2,"offY":2,"sourceW":238,"sourceH":235},"Q3_Option2_png":{"x":1444,"y":233,"w":523,"h":97,"offX":0,"offY":0,"sourceW":523,"sourceH":97},"Q2_Option2_png":{"x":1444,"y":332,"w":523,"h":97,"offX":0,"offY":0,"sourceW":523,"sourceH":97},"Q4_Option2_png":{"x":1444,"y":431,"w":523,"h":97,"offX":0,"offY":0,"sourceW":523,"sourceH":97},"Q2_Option3_png":{"x":722,"y":530,"w":523,"h":97,"offX":0,"offY":0,"sourceW":523,"sourceH":97},"Q3_Option4_png":{"x":1247,"y":530,"w":523,"h":97,"offX":0,"offY":0,"sourceW":523,"sourceH":97},"Q3_Option1_png":{"x":722,"y":629,"w":523,"h":97,"offX":0,"offY":0,"sourceW":523,"sourceH":97},"Q1_Option4_png":{"x":1247,"y":629,"w":523,"h":97,"offX":0,"offY":0,"sourceW":523,"sourceH":97},"Q1_Option1_png":{"x":722,"y":728,"w":523,"h":97,"offX":0,"offY":0,"sourceW":523,"sourceH":97},"Q2_Option1_png":{"x":1247,"y":728,"w":523,"h":97,"offX":0,"offY":0,"sourceW":523,"sourceH":97},"Q4_Option3_png":{"x":722,"y":827,"w":523,"h":97,"offX":0,"offY":0,"sourceW":523,"sourceH":97},"Q1_Option3_png":{"x":1247,"y":827,"w":523,"h":97,"offX":0,"offY":0,"sourceW":523,"sourceH":97},"Q3_Option3_png":{"x":722,"y":926,"w":523,"h":97,"offX":0,"offY":0,"sourceW":523,"sourceH":97},"Q4_Option4_png":{"x":1247,"y":926,"w":523,"h":97,"offX":0,"offY":0,"sourceW":523,"sourceH":97}},"file":"preload-1sheet_2d026dd8.png"}