{"frames":{"pic_bg_png":{"x":0,"y":0,"w":720,"h":1155,"offX":0,"offY":0,"sourceW":720,"sourceH":1155},"光芒背景2_png":{"x":722,"y":0,"w":720,"h":1155,"offX":0,"offY":0,"sourceW":720,"sourceH":1155},"Q2_pic2_png":{"x":0,"y":1157,"w":612,"h":431,"offX":4,"offY":4,"sourceW":620,"sourceH":440},"Q2_pic1_png":{"x":1444,"y":0,"w":598,"h":431,"offX":4,"offY":7,"sourceW":620,"sourceH":440},"Q1_pic1_png":{"x":614,"y":1157,"w":603,"h":419,"offX":7,"offY":10,"sourceW":620,"sourceH":440},"Q1_pic2_png":{"x":1219,"y":1157,"w":606,"h":414,"offX":7,"offY":16,"sourceW":620,"sourceH":440},"Q4_pic2_png":{"x":1219,"y":1573,"w":615,"h":349,"offX":5,"offY":45,"sourceW":620,"sourceH":440},"Q4_pic1_png":{"x":614,"y":1578,"w":603,"h":342,"offX":5,"offY":48,"sourceW":620,"sourceH":440},"Q3_pic1_png":{"x":1444,"y":433,"w":600,"h":342,"offX":7,"offY":42,"sourceW":620,"sourceH":440},"Q3_pic2_png":{"x":1444,"y":777,"w":574,"h":339,"offX":7,"offY":40,"sourceW":620,"sourceH":440},"dahuoji_png":{"x":0,"y":1590,"w":275,"h":344,"offX":5,"offY":0,"sourceW":410,"sourceH":350},"灯笼左边_png":{"x":277,"y":1590,"w":234,"h":231,"offX":2,"offY":2,"sourceW":238,"sourceH":236},"Q4_Option1_png":{"x":277,"y":1922,"w":523,"h":97,"offX":0,"offY":0,"sourceW":523,"sourceH":97},"Q1_Option2_png":{"x":802,"y":1924,"w":523,"h":97,"offX":0,"offY":0,"sourceW":523,"sourceH":97},"Q2_Option4_png":{"x":1327,"y":1924,"w":523,"h":97,"offX":0,"offY":0,"sourceW":523,"sourceH":97},"waiting1_png":{"x":1827,"y":1118,"w":187,"h":233,"offX":28,"offY":7,"sourceW":246,"sourceH":246},"waiting2_png":{"x":1836,"y":1353,"w":185,"h":233,"offX":28,"offY":7,"sourceW":246,"sourceH":246},"egret_icon_png":{"x":1836,"y":1588,"w":115,"h":145,"offX":0,"offY":15,"sourceW":115,"sourceH":172},"text10_png":{"x":1444,"y":1118,"w":217,"h":24,"offX":7,"offY":5,"sourceW":230,"sourceH":34},"text6_png":{"x":1663,"y":1118,"w":142,"h":25,"offX":44,"offY":5,"sourceW":230,"sourceH":34},"text5_png":{"x":1836,"y":1735,"w":144,"h":24,"offX":43,"offY":5,"sourceW":230,"sourceH":34},"text8_png":{"x":1836,"y":1761,"w":143,"h":22,"offX":44,"offY":6,"sourceW":230,"sourceH":34},"text2_png":{"x":1836,"y":1785,"w":112,"h":25,"offX":59,"offY":5,"sourceW":230,"sourceH":34},"text4_png":{"x":1836,"y":1812,"w":111,"h":25,"offX":59,"offY":5,"sourceW":230,"sourceH":34},"text1_png":{"x":277,"y":1823,"w":110,"h":25,"offX":60,"offY":5,"sourceW":230,"sourceH":34},"text3_png":{"x":389,"y":1823,"w":112,"h":24,"offX":59,"offY":5,"sourceW":230,"sourceH":34},"text9_png":{"x":1953,"y":1588,"w":84,"h":23,"offX":73,"offY":5,"sourceW":230,"sourceH":34},"text7_png":{"x":513,"y":1590,"w":86,"h":18,"offX":72,"offY":8,"sourceW":230,"sourceH":34}},"file":"preload-0sheet_4d0ee978.png"}