{"frames":{"jisuanzhong4_png":{"x":0,"y":0,"w":144,"h":157,"offX":30,"offY":10,"sourceW":200,"sourceH":200},"jisuanzhong3_png":{"x":146,"y":0,"w":143,"h":156,"offX":27,"offY":24,"sourceW":200,"sourceH":200},"jisuanzhong7_png":{"x":291,"y":0,"w":135,"h":154,"offX":31,"offY":13,"sourceW":200,"sourceH":200},"jisuanzhong2_png":{"x":428,"y":0,"w":139,"h":141,"offX":26,"offY":37,"sourceW":200,"sourceH":200},"jisuanzhong6_png":{"x":569,"y":0,"w":145,"h":132,"offX":21,"offY":50,"sourceW":200,"sourceH":200},"jisuanzhong5_png":{"x":716,"y":0,"w":139,"h":137,"offX":26,"offY":39,"sourceW":200,"sourceH":200},"jisuanzhong1_png":{"x":857,"y":0,"w":143,"h":133,"offX":22,"offY":37,"sourceW":200,"sourceH":200}},"file":"loading-0sheet_75830860.png"}