{"frames":{"A3_PIC2_png":{"x":0,"y":0,"w":323,"h":442,"offX":1,"offY":25,"sourceW":380,"sourceH":490},"A2_PIC2_png":{"x":325,"y":0,"w":291,"h":486,"offX":45,"offY":2,"sourceW":380,"sourceH":490},"A2_PIC1_png":{"x":618,"y":0,"w":285,"h":488,"offX":49,"offY":0,"sourceW":380,"sourceH":490},"A3_PIC1_png":{"x":905,"y":0,"w":313,"h":443,"offX":66,"offY":24,"sourceW":380,"sourceH":490},"A1_PIC2_png":{"x":1220,"y":0,"w":336,"h":399,"offX":22,"offY":46,"sourceW":380,"sourceH":490},"A1_PIC1_png":{"x":1558,"y":0,"w":336,"h":399,"offX":22,"offY":45,"sourceW":380,"sourceH":490},"A4_PIC1_png":{"x":1220,"y":401,"w":322,"h":316,"offX":28,"offY":85,"sourceW":380,"sourceH":490},"A3_DL1_png":{"x":1896,"y":0,"w":145,"h":607,"offX":3,"offY":4,"sourceW":150,"sourceH":614},"A2_DL1_png":{"x":1544,"y":401,"w":145,"h":607,"offX":3,"offY":4,"sourceW":150,"sourceH":614},"A1_DL1_png":{"x":1691,"y":401,"w":145,"h":607,"offX":3,"offY":4,"sourceW":150,"sourceH":614},"A4_DL1_png":{"x":0,"y":444,"w":145,"h":607,"offX":3,"offY":4,"sourceW":150,"sourceH":614},"A4_DL2_png":{"x":147,"y":444,"w":142,"h":607,"offX":4,"offY":3,"sourceW":150,"sourceH":614},"A3_DL2_png":{"x":905,"y":445,"w":142,"h":607,"offX":4,"offY":3,"sourceW":150,"sourceH":614},"A1_DL2_png":{"x":1049,"y":445,"w":142,"h":607,"offX":4,"offY":3,"sourceW":150,"sourceH":614},"A2_DL2_png":{"x":291,"y":488,"w":142,"h":607,"offX":4,"offY":3,"sourceW":150,"sourceH":614},"A4_PIC2_png":{"x":435,"y":490,"w":275,"h":283,"offX":52,"offY":108,"sourceW":380,"sourceH":490},"A1_DL3_png":{"x":1193,"y":1010,"w":507,"h":142,"offX":7,"offY":4,"sourceW":520,"sourceH":150},"A3_DL3_png":{"x":435,"y":1054,"w":507,"h":142,"offX":7,"offY":4,"sourceW":520,"sourceH":150},"A2_DL3_png":{"x":944,"y":1154,"w":507,"h":142,"offX":7,"offY":4,"sourceW":520,"sourceH":150},"A4_DL3_png":{"x":1453,"y":1154,"w":507,"h":142,"offX":7,"offY":4,"sourceW":520,"sourceH":150},"更多惊喜btn_png":{"x":0,"y":1198,"w":566,"h":97,"offX":0,"offY":1,"sourceW":566,"sourceH":100},"share_pic2_png":{"x":712,"y":490,"w":174,"h":204,"offX":12,"offY":12,"sourceW":200,"sourceH":220},"share_pic1_png":{"x":1838,"y":609,"w":165,"h":194,"offX":23,"offY":3,"sourceW":200,"sourceH":220},"重新游戏_png":{"x":1193,"y":719,"w":260,"h":100,"offX":0,"offY":0,"sourceW":260,"sourceH":100},"分享游戏_png":{"x":435,"y":775,"w":260,"h":100,"offX":0,"offY":0,"sourceW":260,"sourceH":100}},"file":"share-0sheet_fe17075.png"}