{"groups":[{"keys":"egret_icon_png,description_json,dahuoji_png,光芒背景1_png,光芒背景2_png,chuanglian_png,pic_bg_png,灯笼右边_png,灯笼左边_png,top_png,Q1_Option1_png,Q1_Option3_png,Q1_Option2_png,Q1_Option4_png,Q1_pic1_png,Q1_pic2_png,Q2_Option1_png,Q2_Option3_png,Q2_Option2_png,Q2_Option4_png,Q2_pic1_png,Q2_pic2_png,Q3_Option1_png,Q3_Option2_png,Q3_Option4_png,Q3_Option3_png,Q3_pic1_png,Q3_pic2_png,Q4_Option1_png,Q4_Option2_png,Q4_Option3_png,Q4_pic1_png,Q4_Option4_png,Q4_pic2_png,text7_png,text8_png,text9_png,text10_png,waiting1_png,text1_png,text2_png,text3_png,text4_png,text5_png,text6_png,waiting2_png","name":"preload"},{"keys":"jisuanzhong6_png,jisuanzhong7_png,jisuanzhong1_png,jisuanzhong2_png,jisuanzhong4_png,jisuanzhong3_png,jisuanzhong5_png","name":"loading"},{"keys":"A3_PIC1_png,A3_PIC2_png,A4_DL1_png,A4_DL2_png,A4_DL3_png,分享游戏_png,更多惊喜btn_png,重新游戏_png,A1_DL1_png,A1_DL3_png,A1_DL2_png,A1_PIC1_png,A1_PIC2_png,A2_DL1_png,A2_DL2_png,A2_DL3_png,A2_PIC2_png,A3_DL1_png,A3_DL2_png,A3_DL3_png,A2_PIC1_png,A4_PIC2_png,A4_PIC1_png,share_pic2_png,share_pic1_png","name":"share"},{"keys":"dingzhi_btn_png,guanzhu_bg_png,icon_yes_png,gift_bg_png,tijiao_btn_png","name":"moreInfo"}],"resources":[{"url":"config/description_2e5ca871.json","type":"json","name":"description_json"},{"url":"packs0/moreInfo-0sheet_c1ca71d.json","type":"sheet","name":"moreInfo-0sheet","subkeys":"tijiao_btn_png,icon_yes_png,guanzhu_bg_png,gift_bg_png,dingzhi_btn_png"},{"url":"packs0/share-0sheet_55b7beac.json","type":"sheet","name":"share-0sheet","subkeys":"重新游戏_png,更多惊喜btn_png,分享游戏_png,share_pic2_png,share_pic1_png,A4_PIC2_png,A4_PIC1_png,A4_DL3_png,A4_DL2_png,A4_DL1_png,A3_PIC2_png,A3_PIC1_png,A3_DL3_png,A3_DL2_png,A3_DL1_png,A2_PIC2_png,A2_PIC1_png,A2_DL3_png,A2_DL2_png,A2_DL1_png,A1_PIC2_png,A1_PIC1_png,A1_DL3_png,A1_DL2_png,A1_DL1_png"},{"url":"packs0/preload-0sheet_6cccb4a8.json","type":"sheet","name":"preload-0sheet","subkeys":"灯笼左边_png,光芒背景2_png,waiting2_png,waiting1_png,text9_png,text8_png,text7_png,text6_png,text5_png,text4_png,text3_png,text2_png,text1_png,text10_png,pic_bg_png,egret_icon_png,dahuoji_png,Q4_pic2_png,Q4_pic1_png,Q4_Option1_png,Q3_pic2_png,Q3_pic1_png,Q2_pic2_png,Q2_pic1_png,Q2_Option4_png,Q1_pic2_png,Q1_pic1_png,Q1_Option2_png"},{"url":"packs0/preload-1sheet_5ee4e286.json","type":"sheet","name":"preload-1sheet","subkeys":"灯笼右边_png,光芒背景1_png,top_png,chuanglian_png,Q4_Option4_png,Q4_Option3_png,Q4_Option2_png,Q3_Option4_png,Q3_Option3_png,Q3_Option2_png,Q3_Option1_png,Q2_Option3_png,Q2_Option2_png,Q2_Option1_png,Q1_Option4_png,Q1_Option3_png,Q1_Option1_png"},{"url":"packs0/loading-0sheet_c8439a4.json","type":"sheet","name":"loading-0sheet","subkeys":"jisuanzhong7_png,jisuanzhong6_png,jisuanzhong5_png,jisuanzhong4_png,jisuanzhong3_png,jisuanzhong2_png,jisuanzhong1_png"}]}